insert into area_codes (area_code, area_name)
values (1, '서울'),
       (2, '인천'),
       (3, '대전'),
       (4, '대구'),
       (5, '광주'),
       (6, '부산'),
       (7, '울산'),
       (8, '세종특별자치시'),
       (31, '경기도'),
       (32, '강원특별자치도'),
       (33, '충청북도'),
       (34, '충청남도'),
       (35, '경상북도'),
       (36, '경상남도'),
       (37, '전북특별자치도'),
       (38, '전라남도'),
       (39, '제주도');

INSERT INTO sigungu_codes (area_code, sigungu_code, sigungu_name)
VALUES (1, 1, '강남구'),
       (1, 2, '강동구'),
       (1, 3, '강북구'),
       (1, 4, '강서구'),
       (1, 5, '관악구'),
       (1, 6, '광진구'),
       (1, 7, '구로구'),
       (1, 8, '금천구'),
       (1, 9, '노원구'),
       (1, 10, '도봉구'),
       (1, 11, '동대문구'),
       (1, 12, '동작구'),
       (1, 13, '마포구'),
       (1, 14, '서대문구'),
       (1, 15, '서초구'),
       (1, 16, '성동구'),
       (1, 17, '성북구'),
       (1, 18, '송파구'),
       (1, 19, '양천구'),
       (1, 20, '영등포구'),
       (1, 21, '용산구'),
       (1, 22, '은평구'),
       (1, 23, '종로구'),
       (1, 24, '중구'),
       (1, 25, '중랑구');

INSERT INTO sigungu_codes (area_code, sigungu_code, sigungu_name)
VALUES (2, 1, '강화군'),
       (2, 2, '계양구'),
       (2, 3, '미추홀구'),
       (2, 4, '남동구'),
       (2, 5, '동구'),
       (2, 6, '부평구'),
       (2, 7, '서구'),
       (2, 8, '연수구'),
       (2, 9, '옹진군'),
       (2, 10, '중구');

INSERT INTO sigungu_codes (area_code, sigungu_code, sigungu_name)
VALUES (3, 1, '대덕구'),
       (3, 2, '동구'),
       (3, 3, '서구'),
       (3, 4, '유성구'),
       (3, 5, '중구');

INSERT INTO sigungu_codes (area_code, sigungu_code, sigungu_name)
VALUES (4, 1, '남구'),
       (4, 2, '달서구'),
       (4, 3, '달성군'),
       (4, 4, '동구'),
       (4, 5, '북구'),
       (4, 6, '서구'),
       (4, 7, '수성구'),
       (4, 8, '중구'),
       (4, 9, '군위군');

INSERT INTO sigungu_codes (area_code, sigungu_code, sigungu_name)
VALUES (5, 1, '광산구'),
       (5, 2, '남구'),
       (5, 3, '동구'),
       (5, 4, '북구'),
       (5, 5, '서구');

INSERT INTO sigungu_codes (area_code, sigungu_code, sigungu_name)
VALUES (6, 1, '강서구'),
       (6, 2, '금정구'),
       (6, 3, '기장군'),
       (6, 4, '남구'),
       (6, 5, '동구'),
       (6, 6, '동래구'),
       (6, 7, '부산진구'),
       (6, 8, '북구'),
       (6, 9, '사상구'),
       (6, 10, '사하구'),
       (6, 11, '서구'),
       (6, 12, '수영구'),
       (6, 13, '연제구'),
       (6, 14, '영도구'),
       (6, 15, '중구'),
       (6, 16, '해운대구');

INSERT INTO sigungu_codes (area_code, sigungu_code, sigungu_name)
VALUES (7, 1, '중구'),
       (7, 2, '남구'),
       (7, 3, '동구'),
       (7, 4, '북구'),
       (7, 5, '울주군');

INSERT INTO sigungu_codes (area_code, sigungu_code, sigungu_name)
VALUES (8, 1, '세종특별자치시');

INSERT INTO sigungu_codes (area_code, sigungu_code, sigungu_name)
VALUES (31, 1, '가평군'),
       (31, 2, '고양시'),
       (31, 3, '과천시'),
       (31, 4, '광명시'),
       (31, 5, '광주시'),
       (31, 6, '구리시'),
       (31, 7, '군포시'),
       (31, 8, '김포시'),
       (31, 9, '남양주시'),
       (31, 10, '동두천시'),
       (31, 11, '부천시'),
       (31, 12, '성남시'),
       (31, 13, '수원시'),
       (31, 14, '시흥시'),
       (31, 15, '안산시'),
       (31, 16, '안성시'),
       (31, 17, '안양시'),
       (31, 18, '양주시'),
       (31, 19, '양평군'),
       (31, 20, '여주시'),
       (31, 21, '연천군'),
       (31, 22, '오산시'),
       (31, 23, '용인시'),
       (31, 24, '의왕시'),
       (31, 25, '의정부시'),
       (31, 26, '이천시'),
       (31, 27, '파주시'),
       (31, 28, '평택시'),
       (31, 29, '포천시'),
       (31, 30, '하남시'),
       (31, 31, '화성시');

INSERT INTO sigungu_codes (area_code, sigungu_code, sigungu_name)
VALUES (32, 1, '강릉시'),
       (32, 2, '고성군'),
       (32, 3, '동해시'),
       (32, 4, '삼척시'),
       (32, 5, '속초시'),
       (32, 6, '양구군'),
       (32, 7, '양양군'),
       (32, 8, '영월군'),
       (32, 9, '원주시'),
       (32, 10, '인제군'),
       (32, 11, '정선군'),
       (32, 12, '철원군'),
       (32, 13, '춘천시'),
       (32, 14, '태백시'),
       (32, 15, '평창군'),
       (32, 16, '홍천군'),
       (32, 17, '화천군'),
       (32, 18, '횡성군');

INSERT INTO sigungu_codes (area_code, sigungu_code, sigungu_name)
VALUES (33, 1, '괴산군'),
       (33, 2, '단양군'),
       (33, 3, '보은군'),
       (33, 4, '영동군'),
       (33, 5, '옥천군'),
       (33, 6, '음성군'),
       (33, 7, '제천시'),
       (33, 8, '진천군'),
       (33, 9, '청원군'),
       (33, 10, '청주시'),
       (33, 11, '충주시'),
       (33, 12, '증평군');

INSERT INTO sigungu_codes (area_code, sigungu_code, sigungu_name)
VALUES (34, 1, '공주시'),
       (34, 2, '금산군'),
       (34, 3, '논산시'),
       (34, 4, '당진시'),
       (34, 5, '보령시'),
       (34, 6, '부여군'),
       (34, 7, '서산시'),
       (34, 8, '서천군'),
       (34, 9, '아산시'),
       (34, 11, '예산군'),
       (34, 12, '천안시'),
       (34, 13, '청양군'),
       (34, 14, '태안군'),
       (34, 15, '홍성군'),
       (34, 16, '계룡시');

INSERT INTO sigungu_codes (area_code, sigungu_code, sigungu_name)
VALUES (35, 1, '경산시'),
       (35, 2, '경주시'),
       (35, 3, '고령군'),
       (35, 4, '구미시'),
       (35, 6, '김천시'),
       (35, 7, '문경시'),
       (35, 8, '봉화군'),
       (35, 9, '상주시'),
       (35, 10, '성주군'),
       (35, 11, '안동시'),
       (35, 12, '영덕군'),
       (35, 13, '영양군'),
       (35, 14, '영주시'),
       (35, 15, '영천시'),
       (35, 16, '예천군'),
       (35, 17, '울릉군'),
       (35, 18, '울진군'),
       (35, 19, '의성군'),
       (35, 20, '청도군'),
       (35, 21, '청송군'),
       (35, 22, '칠곡군'),
       (35, 23, '포항시');

INSERT INTO sigungu_codes (area_code, sigungu_code, sigungu_name)
VALUES (36, 1, '거제시'),
       (36, 2, '거창군'),
       (36, 3, '고성군'),
       (36, 4, '김해시'),
       (36, 5, '남해군'),
       (36, 6, '마산시'),
       (36, 7, '밀양시'),
       (36, 8, '사천시'),
       (36, 9, '산청군'),
       (36, 10, '양산시'),
       (36, 12, '의령군'),
       (36, 13, '진주시'),
       (36, 14, '진해시'),
       (36, 15, '창녕군'),
       (36, 16, '창원시'),
       (36, 17, '통영시'),
       (36, 18, '하동군'),
       (36, 19, '함안군'),
       (36, 20, '함양군'),
       (36, 21, '합천군');


INSERT INTO sigungu_codes (area_code, sigungu_code, sigungu_name)
VALUES (37, 1, '고창군'),
       (37, 2, '군산시'),
       (37, 3, '김제시'),
       (37, 4, '남원시'),
       (37, 5, '무주군'),
       (37, 6, '부안군'),
       (37, 7, '순창군'),
       (37, 8, '완주군'),
       (37, 9, '익산시'),
       (37, 10, '임실군'),
       (37, 11, '장수군'),
       (37, 12, '전주시'),
       (37, 13, '정읍시'),
       (37, 14, '진안군');

INSERT INTO sigungu_codes (area_code, sigungu_code, sigungu_name)
VALUES (38, 1, '강진군'),
       (38, 2, '고흥군'),
       (38, 3, '곡성군'),
       (38, 4, '광양시'),
       (38, 5, '구례군'),
       (38, 6, '나주시'),
       (38, 7, '담양군'),
       (38, 8, '목포시'),
       (38, 9, '무안군'),
       (38, 10, '보성군'),
       (38, 11, '순천시'),
       (38, 12, '신안군'),
       (38, 13, '여수시'),
       (38, 16, '영광군'),
       (38, 17, '영암군'),
       (38, 18, '완도군'),
       (38, 19, '장성군'),
       (38, 20, '장흥군'),
       (38, 21, '진도군'),
       (38, 22, '함평군'),
       (38, 23, '해남군'),
       (38, 24, '화순군');

INSERT INTO sigungu_codes (area_code, sigungu_code, sigungu_name)
VALUES (39, 1, '남제주군'),
       (39, 2, '북제주군'),
       (39, 3, '서귀포시'),
       (39, 4, '제주시');


# 서비스 분류
insert into content_types (content_type_id, content_type_name)
values (12, '관광지'),
       (14, '문화시설'),
       (15, '행사/공연/축제'),
       (25, '여행코스'),
       (28, '레포츠'),
       (32, '숙박'),
       (38, '쇼핑'),
       (39, '음식점');

# 대분류
INSERT INTO category_codes (category_code, category_name)
VALUES ('A01010100', '국립공원'),
       ('A01010200', '도립공원'),
       ('A01010300', '군립공원'),
       ('A01010400', '산'),
       ('A01010500', '자연생태관광지'),
       ('A01010600', '자연휴양림'),
       ('A01010700', '수목원'),
       ('A01010800', '폭포'),
       ('A01010900', '계곡'),
       ('A01011000', '약수터'),
       ('A01011100', '해안절경'),
       ('A01011200', '해수욕장'),
       ('A01011300', '섬'),
       ('A01011400', '항구/포구'),
       ('A01011600', '등대'),
       ('A01011700', '호수'),
       ('A01011800', '강'),
       ('A01011900', '동굴'),
       ('A01020100', '희귀동.식물'),
       ('A01020200', '기암괴석'),
       ('A02010100', '고궁'),
       ('A02010200', '성'),
       ('A02010300', '문'),
       ('A02010400', '고택'),
       ('A02010500', '생가'),
       ('A02010600', '민속마을'),
       ('A02010700', '유적지/사적지'),
       ('A02010800', '사찰'),
       ('A02010900', '종교성지'),
       ('A02011000', '안보관광'),
       ('A02020200', '관광단지'),
       ('A02020300', '온천/욕장/스파'),
       ('A02020400', '이색찜질방'),
       ('A02020500', '헬스투어'),
       ('A02020600', '테마공원'),
       ('A02020700', '공원'),
       ('A02020800', '유람선/잠수함관광'),
       ('A02030100', '농.산.어촌 체험'),
       ('A02030200', '전통체험'),
       ('A02030300', '산사체험'),
       ('A02030400', '이색체험'),
       ('A02030600', '이색거리'),
       ('A02040400', '발전소'),
       ('A02040600', '식음료'),
       ('A02040800', '기타'),
       ('A02040900', '전자-반도체'),
       ('A02041000', '자동차'),
       ('A02050100', '다리/대교'),
       ('A02050200', '기념탑/기념비/전망대'),
       ('A02050300', '분수'),
       ('A02050400', '동상'),
       ('A02050500', '터널'),
       ('A02050600', '유명건물'),
       ('A02060100', '박물관'),
       ('A02060200', '기념관'),
       ('A02060300', '전시관'),
       ('A02060400', '컨벤션센터'),
       ('A02060500', '미술관/화랑'),
       ('A02060600', '공연장'),
       ('A02060700', '문화원'),
       ('A02060800', '외국문화원'),
       ('A02060900', '도서관'),
       ('A02061000', '대형서점'),
       ('A02061100', '문화전수시설'),
       ('A02061200', '영화관'),
       ('A02061300', '어학당'),
       ('A02061400', '학교'),
       ('A02070100', '문화관광축제'),
       ('A02070200', '일반축제'),
       ('A02080100', '전통공연'),
       ('A02080200', '연극'),
       ('A02080300', '뮤지컬'),
       ('A02080400', '오페라'),
       ('A02080500', '전시회'),
       ('A02080600', '박람회'),
       ('A02080800', '무용'),
       ('A02080900', '클래식음악회'),
       ('A02081000', '대중콘서트'),
       ('A02081100', '영화'),
       ('A02081200', '스포츠경기'),
       ('A02081300', '기타행사'),
       ('A02081400', '넌버벌'),
       ('C01120001', '가족코스'),
       ('C01130001', '나홀로코스'),
       ('C01140001', '힐링코스'),
       ('C01150001', '도보코스'),
       ('C01160001', '캠핑코스'),
       ('C01170001', '맛코스'),
       ('A03010200', '수상레포츠'),
       ('A03010300', '항공레포츠'),
       ('A03020200', '수련시설'),
       ('A03020300', '경기장'),
       ('A03020400', '인라인(실내 인라인 포함)'),
       ('A03020500', '자전거하이킹'),
       ('A03020600', '카트'),
       ('A03020700', '골프'),
       ('A03020800', '경마'),
       ('A03020900', '경륜'),
       ('A03021000', '카지노'),
       ('A03021100', '승마'),
       ('A03021200', '스키/스노보드'),
       ('A03021300', '스케이트'),
       ('A03021400', '썰매장'),
       ('A03021500', '수렵장'),
       ('A03021600', '사격장'),
       ('A03021700', '야영장,오토캠핑장'),
       ('A03021800', '암벽등반'),
       ('A03022000', '서바이벌게임'),
       ('A03022100', 'ATV'),
       ('A03022200', 'MTB'),
       ('A03022300', '오프로드'),
       ('A03022400', '번지점프'),
       ('A03022600', '스키(보드) 렌탈샵'),
       ('A03022700', '트래킹'),
       ('A03030100', '윈드서핑/제트스키'),
       ('A03030200', '카약/카누'),
       ('A03030300', '요트'),
       ('A03030400', '스노쿨링/스킨스쿠버다이빙'),
       ('A03030500', '민물낚시'),
       ('A03030600', '바다낚시'),
       ('A03030700', '수영'),
       ('A03030800', '래프팅'),
       ('A03040100', '스카이다이빙'),
       ('A03040200', '초경량비행'),
       ('A03040300', '헹글라이딩/패러글라이딩'),
       ('A03040400', '열기구'),
       ('A03050100', '복합 레포츠'),
       ('B02010100', '관광호텔'),
       ('B02010500', '콘도미니엄'),
       ('B02010600', '유스호스텔'),
       ('B02010700', '펜션'),
       ('B02010900', '모텔'),
       ('B02011000', '민박'),
       ('B02011100', '게스트하우스'),
       ('B02011200', '홈스테이'),
       ('B02011300', '서비스드레지던스'),
       ('B02011600', '한옥'),
       ('A04010100', '5일장'),
       ('A04010200', '상설시장'),
       ('A04010300', '백화점'),
       ('A04010400', '면세점'),
       ('A04010500', '대형마트'),
       ('A04010600', '전문매장/상가'),
       ('A04010700', '공예/공방'),
       ('A04010900', '특산물판매점'),
       ('A04011000', '사후면세점'),
       ('A04012000', '미정'),
       ('A05020100', '한식'),
       ('A05020200', '서양식'),
       ('A05020300', '일식'),
       ('A05020400', '중식'),
       ('A05020700', '이색음식점'),
       ('A05020900', '카페/전통찻집'),
       ('A05021000', '클럽');

# 중분류
INSERT INTO category_codes (category_code, category_name)
VALUES ('A0101', '자연관광지'),
       ('A0102', '관광자원'),
       ('A0201', '역사관광지'),
       ('A0202', '휴양관광지'),
       ('A0203', '체험관광지'),
       ('A0204', '산업관광지'),
       ('A0205', '건축/조형물'),
       ('A0206', '문화시설'),
       ('A0207', '축제'),
       ('A0208', '공연/행사'),
       ('C0112', '가족코스'),
       ('C0113', '나홀로코스'),
       ('C0114', '힐링코스'),
       ('C0115', '도보코스'),
       ('C0116', '캠핑코스'),
       ('C0117', '맛코스'),
       ('A0301', '레포츠소개'),
       ('A0302', '육상 레포츠'),
       ('A0303', '수상 레포츠'),
       ('A0304', '항공 레포츠'),
       ('A0305', '복합 레포츠'),
       ('B0201', '숙박시설'),
       ('A0401', '쇼핑'),
       ('A0502', '음식점');

# 소분류
INSERT INTO category_codes (category_code, category_name)
VALUES ('A01', '자연'),
       ('A02', '인문(문화/예술/역사)'),
       ('C01', '추천코스'),
       ('A03', '레포츠'),
       ('B02', '숙박'),
       ('A04', '쇼핑'),
       ('A05', '음식');

